{"data_time": 0.002594316378235817, "eta_seconds": 11578.284269135445, "fast_rcnn/cls_accuracy": 0.9345703125, "fast_rcnn/false_negative": 1.0, "fast_rcnn/fg_cls_accuracy": 0.0, "iteration": 19, "loss_box_reg": 0.1616516038775444, "loss_cls": 0.8123184740543365, "loss_rpn_cls": 0.675469309091568, "loss_rpn_loc": 0.2057514786720276, "lr": 0.00095405, "roi_head/num_bg_samples": 490.5, "roi_head/num_fg_samples": 21.5, "rpn/num_neg_anchors": 200.5, "rpn/num_pos_anchors": 55.5, "time": 0.6439177058637142, "total_loss": 1.9327942952513695}
{"data_time": 0.0036770105361938477, "eta_seconds": 24081.795067951083, "fast_rcnn/cls_accuracy": 0.91650390625, "fast_rcnn/false_negative": 1.0, "fast_rcnn/fg_cls_accuracy": 0.0, "iteration": 19, "loss_box_reg": 0.2568800151348114, "loss_cls": 0.7429196536540985, "loss_rpn_cls": 0.6794723868370056, "loss_rpn_loc": 0.23133746534585953, "lr": 0.00095405, "roi_head/num_bg_samples": 480.75, "roi_head/num_fg_samples": 31.25, "rpn/num_neg_anchors": 179.5, "rpn/num_pos_anchors": 76.5, "time": 1.339291200041771, "total_loss": 1.940565787255764}
{"data_time": 0.0035495031625032425, "eta_seconds": 24488.676010871306, "fast_rcnn/cls_accuracy": 0.9765625, "fast_rcnn/false_negative": 1.0, "fast_rcnn/fg_cls_accuracy": 0.0, "iteration": 39, "loss_box_reg": 0.08783382549881935, "loss_cls": 0.1672857403755188, "loss_rpn_cls": 0.45718878507614136, "loss_rpn_loc": 0.12082776427268982, "lr": 0.00195305, "roi_head/num_bg_samples": 500.0, "roi_head/num_fg_samples": 12.0, "rpn/num_neg_anchors": 214.25, "rpn/num_pos_anchors": 41.75, "time": 1.3753379620611668, "total_loss": 0.9159463364630938}
